
insert into users (id, username, password, name, birth, email, phone_number) values (1, 'jfairhead0', 'X9G2Pj', 'Mylène', '07/06/1971', 'droad0@ft.com', '703-490-2953');
insert into users (id, username, password, name, birth, email, phone_number) values (2, 'estiles1', 'IR32V9Rw', 'Aurélie', '04/10/1992', 'sissacson1@amazon.co.uk', '241-652-2035');
insert into users (id, username, password, name, birth, email, phone_number) values (3, 'icron2', '9GRRQ0GH4B', 'Eléa', '10/02/1978', 'kpodd2@biglobe.ne.jp', '271-941-6712');
insert into users (id, username, password, name, birth, email, phone_number) values (4, 'lcruces3', 'bs5snq', 'Eléonore', '19/02/1998', 'sknevet3@ucoz.com', '100-174-4192');
insert into users (id, username, password, name, birth, email, phone_number) values (5, 'rseiller4', 'KwFFIgMgTl', 'Gérald', '01/11/1992', 'mshorland4@mail.ru', '398-589-8409');
insert into users (id, username, password, name, birth, email, phone_number) values (6, 'rkilbane5', 'FXd9YEoKU', 'Mårten', '16/08/1986', 'jmcmurty5@wsj.com', '155-693-6048');
insert into users (id, username, password, name, birth, email, phone_number) values (7, 'jdeerr6', 'RIZmwYs', 'Mén', '03/02/1980', 'fspedding6@goo.ne.jp', '263-860-1480');
insert into users (id, username, password, name, birth, email, phone_number) values (8, 'ddrummond7', 'FA6om0x', 'Lucrèce', '07/11/1973', 'smcclaurie7@salon.com', '623-891-5583');
insert into users (id, username, password, name, birth, email, phone_number) values (9, 'djacquemot8', '1F3A4oiDpoK', 'Ráo', '02/10/2002', 'lravenshaw8@nydailynews.com', '343-186-1456');
insert into users (id, username, password, name, birth, email, phone_number) values (10, 'wyeoman9', 'tnGoF3r1nJ4l', 'Ráo', '17/08/1988', 'hlink9@hhs.gov', '866-348-3166');
insert into users (id, username, password, name, birth, email, phone_number) values (11, 'dtaffleya', 'lkrUPJpfCQz', 'Crééz', '21/10/2001', 'ncornuaua@macromedia.com', '207-822-3387');
insert into users (id, username, password, name, birth, email, phone_number) values (12, 'zlambertsb', 'O4Ah6PPRtx', 'Séverine', '22/06/1981', 'droyansb@uol.com.br', '939-240-7837');
insert into users (id, username, password, name, birth, email, phone_number) values (13, 'cgumeryc', 's3gWWUGfe', 'Amélie', '12/10/1977', 'bgoalleyc@cloudflare.com', '612-560-5642');
insert into users (id, username, password, name, birth, email, phone_number) values (14, 'asummergilld', 'vae288', 'Marlène', '17/10/1988', 'msponderd@loc.gov', '928-723-2968');
insert into users (id, username, password, name, birth, email, phone_number) values (15, 'tmorane', 'xz1HG1o', 'Mélanie', '03/12/1989', 'twheatcrofte@pcworld.com', '688-334-7425');




insert into project (id, title, description, creation, is_archived, id_coordinator) values (1, 'Sonsing', 'Vivamus metus arcu, adipiscing molestie, hendrerit at, vulputate vitae, nisl. Aenean lectus.', '11/20/2021', false, 13);
insert into project (id, title, description, creation, is_archived, id_coordinator) values (2, 'Bigtax', 'Donec semper sapien a libero. Nam dui.', '6/10/2022', true, 14);
insert into project (id, title, description, creation, is_archived, id_coordinator) values (3, 'Ronstring', 'Phasellus id sapien in sapien iaculis congue.', '4/4/2022', true, 10);
insert into project (id, title, description, creation, is_archived, id_coordinator) values (4, 'Zoolab', 'Vivamus tortor.', '2/15/2022', false, 14);
insert into project (id, title, description, creation, is_archived, id_coordinator) values (5, 'Regrant', 'Ut tellus. Nulla ut erat id mauris vulputate elementum.', '1/30/2022', false, 13);
insert into project (id, title, description, creation, is_archived, id_coordinator) values (6, 'Konklab', 'Morbi porttitor lorem id ligula. Suspendisse ornare consequat lectus.', '11/27/2021', true, 15);
insert into project (id, title, description, creation, is_archived, id_coordinator) values (7, 'Span', 'Duis bibendum, felis sed interdum venenatis, turpis enim blandit mi, in porttitor pede justo eu massa. Donec dapibus.', '2/3/2022', true, 2);
insert into project (id, title, description, creation, is_archived, id_coordinator) values (8, 'Vagram', 'Aliquam non mauris.', '5/10/2022', false, 1);
insert into project (id, title, description, creation, is_archived, id_coordinator) values (9, 'Zamit', 'Morbi odio odio, elementum eu, interdum eu, tincidunt in, leo. Maecenas pulvinar lobortis est.', '1/15/2022', true, 11);
insert into project (id, title, description, creation, is_archived, id_coordinator) values (10, 'Stim', 'Maecenas rhoncus aliquam lacus.', '1/10/2022', true, 12);



insert into board (id, name, id_project) values (1, 'Sales', 7);
insert into board (id, name, id_project) values (2, 'Support', 6);
insert into board (id, name, id_project) values (3, 'Accounting', 10);
insert into board (id, name, id_project) values (4, 'Human Resources', 1);
insert into board (id, name, id_project) values (5, 'Research and Development', 8);
insert into board (id, name, id_project) values (6, 'Engineering', 2);
insert into board (id, name, id_project) values (7, 'Sales', 10);
insert into board (id, name, id_project) values (8, 'Engineering', 6);
insert into board (id, name, id_project) values (9, 'Marketing', 9);
insert into board (id, name, id_project) values (10, 'Sales', 9);
insert into board (id, name, id_project) values (11, 'Services', 6);
insert into board (id, name, id_project) values (12, 'Sales', 7);
insert into board (id, name, id_project) values (13, 'Services', 2);
insert into board (id, name, id_project) values (14, 'Marketing', 3);
insert into board (id, name, id_project) values (15, 'Support', 9);
insert into board (id, name, id_project) values (16, 'Human Resources', 7);
insert into board (id, name, id_project) values (17, 'Research and Development', 10);
insert into board (id, name, id_project) values (18, 'Human Resources', 5);
insert into board (id, name, id_project) values (19, 'Research and Development', 8);
insert into board (id, name, id_project) values (20, 'Support', 8);
insert into board (id, name, id_project) values (21, 'Product Management', 10);
insert into board (id, name, id_project) values (22, 'Business Development', 7);
insert into board (id, name, id_project) values (23, 'Training', 5);
insert into board (id, name, id_project) values (24, 'Product Management', 8);
insert into board (id, name, id_project) values (25, 'Support', 4);
insert into board (id, name, id_project) values (26, 'Research and Development', 1);
insert into board (id, name, id_project) values (27, 'Sales', 7);
insert into board (id, name, id_project) values (28, 'Legal', 5);
insert into board (id, name, id_project) values (29, 'Services', 1);
insert into board (id, name, id_project) values (30, 'Services', 3);



insert into vertical (id, name, id_board) values (1, 'Garden', 17);
insert into vertical (id, name, id_board) values (2, 'Computers', 28);
insert into vertical (id, name, id_board) values (3, 'Electronics', 8);
insert into vertical (id, name, id_board) values (4, 'Music', 19);
insert into vertical (id, name, id_board) values (5, 'Computers', 6);
insert into vertical (id, name, id_board) values (6, 'Music', 20);
insert into vertical (id, name, id_board) values (7, 'Beauty', 25);
insert into vertical (id, name, id_board) values (8, 'Home', 26);
insert into vertical (id, name, id_board) values (9, 'Electronics', 11);
insert into vertical (id, name, id_board) values (10, 'Tools', 27);
insert into vertical (id, name, id_board) values (11, 'Movies', 20);
insert into vertical (id, name, id_board) values (12, 'Industrial', 28);
insert into vertical (id, name, id_board) values (13, 'Computers', 18);
insert into vertical (id, name, id_board) values (14, 'Garden', 23);
insert into vertical (id, name, id_board) values (15, 'Automotive', 13);
insert into vertical (id, name, id_board) values (16, 'Books', 12);
insert into vertical (id, name, id_board) values (17, 'Toys', 28);
insert into vertical (id, name, id_board) values (18, 'Beauty', 8);
insert into vertical (id, name, id_board) values (19, 'Outdoors', 1);
insert into vertical (id, name, id_board) values (20, 'Computers', 21);
insert into vertical (id, name, id_board) values (21, 'Health', 1);
insert into vertical (id, name, id_board) values (22, 'Movies', 15);
insert into vertical (id, name, id_board) values (23, 'Beauty', 15);
insert into vertical (id, name, id_board) values (24, 'Automotive', 20);
insert into vertical (id, name, id_board) values (25, 'Books', 13);
insert into vertical (id, name, id_board) values (26, 'Books', 19);
insert into vertical (id, name, id_board) values (27, 'Clothing', 5);
insert into vertical (id, name, id_board) values (28, 'Garden', 22);
insert into vertical (id, name, id_board) values (29, 'Health', 8);
insert into vertical (id, name, id_board) values (30, 'Home', 7);
insert into vertical (id, name, id_board) values (31, 'Health', 7);
insert into vertical (id, name, id_board) values (32, 'Baby', 4);
insert into vertical (id, name, id_board) values (33, 'Electronics', 6);
insert into vertical (id, name, id_board) values (34, 'Computers', 14);
insert into vertical (id, name, id_board) values (35, 'Industrial', 4);
insert into vertical (id, name, id_board) values (36, 'Outdoors', 16);
insert into vertical (id, name, id_board) values (37, 'Outdoors', 11);
insert into vertical (id, name, id_board) values (38, 'Books', 26);
insert into vertical (id, name, id_board) values (39, 'Automotive', 30);
insert into vertical (id, name, id_board) values (40, 'Music', 16);
insert into vertical (id, name, id_board) values (41, 'Music', 27);
insert into vertical (id, name, id_board) values (42, 'Home', 18);
insert into vertical (id, name, id_board) values (43, 'Home', 9);
insert into vertical (id, name, id_board) values (44, 'Computers', 16);
insert into vertical (id, name, id_board) values (45, 'Beauty', 29);
insert into vertical (id, name, id_board) values (46, 'Clothing', 20);
insert into vertical (id, name, id_board) values (47, 'Games', 16);
insert into vertical (id, name, id_board) values (48, 'Baby', 4);
insert into vertical (id, name, id_board) values (49, 'Electronics', 6);
insert into vertical (id, name, id_board) values (50, 'Tools', 13);
insert into vertical (id, name, id_board) values (51, 'Shoes', 9);
insert into vertical (id, name, id_board) values (52, 'Sports', 22);
insert into vertical (id, name, id_board) values (53, 'Jewelry', 3);
insert into vertical (id, name, id_board) values (54, 'Jewelry', 29);
insert into vertical (id, name, id_board) values (55, 'Garden', 29);
insert into vertical (id, name, id_board) values (56, 'Shoes', 20);
insert into vertical (id, name, id_board) values (57, 'Home', 28);
insert into vertical (id, name, id_board) values (58, 'Kids', 30);
insert into vertical (id, name, id_board) values (59, 'Garden', 20);
insert into vertical (id, name, id_board) values (60, 'Jewelry', 11);

insert into label (id, name) values (1, 'Important');
insert into label (id, name) values (2, 'Easy');
insert into label (id, name) values (3, 'Long');
insert into label (id, name) values (4, 'Fast');
insert into label (id, name) values (5, 'Low priority');
insert into label (id, name) values (6, 'Medium priority');
insert into label (id, name) values (7, 'High priority');
insert into label (id, name) values (8, 'Quick');
insert into label (id, name) values (9, 'Unimportant');
insert into label (id, name) values (10, 'Very important');

insert into label_class (id, name) values (1, 'Priority');
insert into label_class (id, name) values (2, 'Notifiable');
insert into label_class (id, name) values (3, 'Importance');

insert into forum (id_project) values (1);
insert into forum (id_project) values (2);
insert into forum (id_project) values (3);
insert into forum (id_project) values (4);
insert into forum (id_project) values (5);
insert into forum (id_project) values (6);
insert into forum (id_project) values (7);
insert into forum (id_project) values (8);
insert into forum (id_project) values (9);
insert into forum (id_project) values (10);

insert into task (id, name, description, creation_date, due_date, id_column) values (1, 'Deliver mockups', 'faucibus accumsan odio curabitur convallis duis consequat dui nec nisi volutpat eleifend donec ut dolor morbi vel lectus in', '11/22/2021', '1/25/2022', 6);
insert into task (id, name, description, creation_date, due_date, id_column) values (2, 'Correct bug on sql', 'commodo placerat praesent blandit nam nulla integer pede justo lacinia eget tincidunt eget tempus vel pede morbi porttitor lorem', '9/23/2021', '5/20/2022', 22);
insert into task (id, name, description, creation_date, due_date, id_column) values (3, 'Prepare some cookies', 'eget massa tempor convallis nulla neque libero convallis eget eleifend luctus ultricies eu nibh', '11/15/2021', '7/1/2022', 30);
insert into task (id, name, description, creation_date, due_date, id_column) values (4, 'Eat burguer', 'purus phasellus in felis donec semper sapien a libero nam dui proin leo odio porttitor id consequat in consequat ut', '8/17/2021', '10/8/2022', 13);
insert into task (id, name, description, creation_date, due_date, id_column) values (5, 'Call Susan Boyle', 'donec ut dolor morbi vel lectus in quam fringilla rhoncus mauris enim leo rhoncus', '10/4/2021', '7/24/2022', 48);
insert into task (id, name, description, creation_date, due_date, id_column) values (6, 'Cook the beans', 'lorem ipsum dolor sit amet consectetuer adipiscing elit proin risus praesent lectus vestibulum quam sapien varius ut blandit non', '11/17/2021', '9/7/2022', 11);
insert into task (id, name, description, creation_date, due_date, id_column) values (7, 'Deliver mockups', 'ultrices posuere cubilia curae duis faucibus accumsan odio curabitur convallis duis consequat dui nec nisi volutpat', '11/28/2021', '5/18/2022', 46);
insert into task (id, name, description, creation_date, due_date, id_column) values (8, 'Smile', 'nam congue risus semper porta volutpat quam pede lobortis ligula sit amet eleifend pede libero', '10/17/2021', '2/7/2022', 11);
insert into task (id, name, description, creation_date, due_date, id_column) values (9, 'Correct bug on sql', 'diam erat fermentum justo nec condimentum neque sapien placerat ante nulla justo', '11/27/2021', '8/27/2022', 49);
insert into task (id, name, description, creation_date, due_date, id_column) values (10, 'Drink water', 'nullam varius nulla facilisi cras non velit nec nisi vulputate nonummy maecenas', '12/7/2021', '7/7/2022', 30);
insert into task (id, name, description, creation_date, due_date, id_column) values (11, 'Prepare some cookies', 'vulputate ut ultrices vel augue vestibulum ante ipsum primis in faucibus', '11/24/2021', '1/30/2022', 37);
insert into task (id, name, description, creation_date, due_date, id_column) values (12, 'Eat burguer', 'porttitor id consequat in consequat ut nulla sed accumsan felis ut at dolor quis odio consequat varius', '12/14/2021', '5/20/2022', 1);
insert into task (id, name, description, creation_date, due_date, id_column) values (13, 'Smile', 'consequat in consequat ut nulla sed accumsan felis ut at dolor quis odio consequat', '10/28/2021', '9/20/2022', 22);
insert into task (id, name, description, creation_date, due_date, id_column) values (14, 'Water the plants', 'dis parturient montes nascetur ridiculus mus etiam vel augue vestibulum rutrum rutrum neque aenean auctor gravida', '9/6/2021', '8/9/2022', 9);
insert into task (id, name, description, creation_date, due_date, id_column) values (15, 'Sign contract with Lady Gaga', 'at turpis donec posuere metus vitae ipsum aliquam non mauris morbi non lectus aliquam', '10/31/2021', '5/26/2022', 58);
insert into task (id, name, description, creation_date, due_date, id_column) values (16, 'Correct bug on sql', 'at turpis donec posuere metus vitae ipsum aliquam non mauris', '11/26/2021', '7/2/2022', 60);
insert into task (id, name, description, creation_date, due_date, id_column) values (17, 'Visit Oscar', 'leo pellentesque ultrices mattis odio donec vitae nisi nam ultrices libero non mattis pulvinar nulla pede', '9/10/2021', '4/23/2022', 51);
insert into task (id, name, description, creation_date, due_date, id_column) values (18, 'Prepare some cookies', 'eleifend donec ut dolor morbi vel lectus in quam fringilla rhoncus mauris enim leo rhoncus sed vestibulum sit amet cursus', '9/5/2021', '6/25/2022', 19);
insert into task (id, name, description, creation_date, due_date, id_column) values (19, 'Call Toino', 'in libero ut massa volutpat convallis morbi odio odio elementum eu interdum eu tincidunt in leo maecenas pulvinar', '9/29/2021', '8/23/2022', 15);
insert into task (id, name, description, creation_date, due_date, id_column) values (20, 'Hug', 'rutrum nulla nunc purus phasellus in felis donec semper sapien a libero nam', '11/24/2021', '9/2/2022', 20);
insert into task (id, name, description, creation_date, due_date, id_column) values (21, 'Call Toino', 'tortor id nulla ultrices aliquet maecenas leo odio condimentum id luctus nec molestie sed', '9/11/2021', '8/22/2022', 40);
insert into task (id, name, description, creation_date, due_date, id_column) values (22, 'Call mom', 'sit amet diam in magna bibendum imperdiet nullam orci pede venenatis non sodales sed', '9/2/2021', '5/11/2022', 13);
insert into task (id, name, description, creation_date, due_date, id_column) values (23, 'Sleep half an hour', 'vitae consectetuer eget rutrum at lorem integer tincidunt ante vel ipsum praesent blandit', '11/21/2021', '3/13/2022', 30);
insert into task (id, name, description, creation_date, due_date, id_column) values (24, 'Pay the bills', 'ipsum aliquam non mauris morbi non lectus aliquam sit amet diam in magna bibendum imperdiet nullam', '12/10/2021', '4/7/2022', 32);
insert into task (id, name, description, creation_date, due_date, id_column) values (25, 'Water the plants', 'pede malesuada in imperdiet et commodo vulputate justo in blandit ultrices enim lorem ipsum dolor sit amet consectetuer adipiscing elit', '11/27/2021', '3/14/2022', 3);
insert into task (id, name, description, creation_date, due_date, id_column) values (26, 'Deliver mockups', 'molestie nibh in lectus pellentesque at nulla suspendisse potenti cras in purus eu magna vulputate luctus cum sociis natoque penatibus', '10/11/2021', '7/29/2022', 10);
insert into task (id, name, description, creation_date, due_date, id_column) values (27, 'Smile', 'sapien non mi integer ac neque duis bibendum morbi non quam nec dui luctus', '11/4/2021', '2/24/2022', 28);
insert into task (id, name, description, creation_date, due_date, id_column) values (28, 'Smile', 'libero convallis eget eleifend luctus ultricies eu nibh quisque id justo sit amet sapien dignissim vestibulum vestibulum ante ipsum primis', '12/30/2021', '6/16/2022', 3);
insert into task (id, name, description, creation_date, due_date, id_column) values (29, 'Cook the beans', 'eget semper rutrum nulla nunc purus phasellus in felis donec semper', '9/16/2021', '4/29/2022', 60);
insert into task (id, name, description, creation_date, due_date, id_column) values (30, 'Call Toino', 'aliquam quis turpis eget elit sodales scelerisque mauris sit amet eros suspendisse accumsan', '11/3/2021', '8/15/2022', 49);
insert into task (id, name, description, creation_date, due_date, id_column) values (31, 'Meetup with Shakira', 'arcu libero rutrum ac lobortis vel dapibus at diam nam', '11/24/2021', '6/9/2022', 50);
insert into task (id, name, description, creation_date, due_date, id_column) values (32, 'Meetup with Shakira', 'gravida sem praesent id massa id nisl venenatis lacinia aenean', '11/9/2021', '5/11/2022', 43);
insert into task (id, name, description, creation_date, due_date, id_column) values (33, 'Pay the bills', 'penatibus et magnis dis parturient montes nascetur ridiculus mus etiam vel augue vestibulum rutrum rutrum neque', '11/2/2021', '7/29/2022', 6);
insert into task (id, name, description, creation_date, due_date, id_column) values (34, 'Meetup with Shakira', 'quisque erat eros viverra eget congue eget semper rutrum nulla nunc purus phasellus in felis donec semper sapien a', '8/29/2021', '9/25/2022', 38);
insert into task (id, name, description, creation_date, due_date, id_column) values (35, 'Call Susan Boyle', 'vivamus tortor duis mattis egestas metus aenean fermentum donec ut mauris eget massa tempor convallis nulla', '9/24/2021', '6/6/2022', 21);
insert into task (id, name, description, creation_date, due_date, id_column) values (36, 'Correct bug on sql', 'in ante vestibulum ante ipsum primis in faucibus orci luctus et ultrices posuere cubilia curae', '10/18/2021', '4/17/2022', 7);
insert into task (id, name, description, creation_date, due_date, id_column) values (37, 'Visit Oscar', 'tempus sit amet sem fusce consequat nulla nisl nunc nisl duis bibendum felis sed interdum venenatis turpis enim', '11/2/2021', '8/10/2022', 46);
insert into task (id, name, description, creation_date, due_date, id_column) values (38, 'Call Susan Boyle', 'in lacus curabitur at ipsum ac tellus semper interdum mauris ullamcorper purus sit amet nulla quisque arcu libero rutrum ac', '9/19/2021', '2/6/2022', 44);
insert into task (id, name, description, creation_date, due_date, id_column) values (39, 'Drink water', 'risus auctor sed tristique in tempus sit amet sem fusce consequat nulla nisl nunc', '8/25/2021', '5/24/2022', 13);
insert into task (id, name, description, creation_date, due_date, id_column) values (40, 'Hug', 'mauris ullamcorper purus sit amet nulla quisque arcu libero rutrum', '11/18/2021', '9/11/2022', 36);
insert into task (id, name, description, creation_date, due_date, id_column) values (41, 'Call Susan Boyle', 'non mauris morbi non lectus aliquam sit amet diam in magna bibendum imperdiet nullam', '10/9/2021', '7/3/2022', 7);
insert into task (id, name, description, creation_date, due_date, id_column) values (42, 'Eat burguer', 'augue a suscipit nulla elit ac nulla sed vel enim', '10/2/2021', '7/29/2022', 26);
insert into task (id, name, description, creation_date, due_date, id_column) values (43, 'Pay the bills', 'vestibulum proin eu mi nulla ac enim in tempor turpis', '10/19/2021', '10/21/2022', 44);
insert into task (id, name, description, creation_date, due_date, id_column) values (44, 'Hug', 'posuere cubilia curae duis faucibus accumsan odio curabitur convallis duis consequat dui nec nisi volutpat eleifend donec ut dolor morbi', '8/21/2021', '9/13/2022', 15);
insert into task (id, name, description, creation_date, due_date, id_column) values (45, 'Sleep half an hour', 'sed ante vivamus tortor duis mattis egestas metus aenean fermentum donec ut mauris', '12/21/2021', '3/24/2022', 43);
insert into task (id, name, description, creation_date, due_date, id_column) values (46, 'Paint Bia''s nails', 'orci luctus et ultrices posuere cubilia curae mauris viverra diam vitae quam suspendisse potenti nullam porttitor lacus at turpis donec', '9/27/2021', '4/24/2022', 20);
insert into task (id, name, description, creation_date, due_date, id_column) values (47, 'Eat burguer', 'in porttitor pede justo eu massa donec dapibus duis at velit eu', '10/30/2021', '4/12/2022', 41);
insert into task (id, name, description, creation_date, due_date, id_column) values (48, 'Visit Oscar', 'massa tempor convallis nulla neque libero convallis eget eleifend luctus ultricies eu nibh quisque id justo sit amet sapien dignissim', '9/8/2021', '3/14/2022', 42);
insert into task (id, name, description, creation_date, due_date, id_column) values (49, 'Deliver mockups', 'mi sit amet lobortis sapien sapien non mi integer ac neque duis bibendum morbi non quam', '9/23/2021', '8/22/2022', 52);
insert into task (id, name, description, creation_date, due_date, id_column) values (50, 'Drink water', 'eget vulputate ut ultrices vel augue vestibulum ante ipsum primis in faucibus', '10/12/2021', '5/23/2022', 50);
insert into task (id, name, description, creation_date, due_date, id_column) values (51, 'Drink water', 'pulvinar lobortis est phasellus sit amet erat nulla tempus vivamus in felis eu', '10/20/2021', '6/18/2022', 53);
insert into task (id, name, description, creation_date, due_date, id_column) values (52, 'Sign contract with Lady Gaga', 'velit vivamus vel nulla eget eros elementum pellentesque quisque porta volutpat erat quisque erat eros viverra', '8/30/2021', '3/23/2022', 27);
insert into task (id, name, description, creation_date, due_date, id_column) values (53, 'Correct bug on sql', 'pede ullamcorper augue a suscipit nulla elit ac nulla sed vel enim sit amet nunc viverra dapibus', '9/26/2021', '7/4/2022', 39);
insert into task (id, name, description, creation_date, due_date, id_column) values (54, 'Paint Bia''s nails', 'nisl nunc rhoncus dui vel sem sed sagittis nam congue risus semper', '10/27/2021', '4/9/2022', 21);
insert into task (id, name, description, creation_date, due_date, id_column) values (55, 'Cook the beans', 'faucibus orci luctus et ultrices posuere cubilia curae nulla dapibus dolor vel', '9/25/2021', '1/31/2022', 38);
insert into task (id, name, description, creation_date, due_date, id_column) values (56, 'Deliver mockups', 'quam sapien varius ut blandit non interdum in ante vestibulum', '12/15/2021', '6/6/2022', 34);
insert into task (id, name, description, creation_date, due_date, id_column) values (57, 'Visit Oscar', 'dapibus augue vel accumsan tellus nisi eu orci mauris lacinia sapien quis libero nullam sit amet', '10/12/2021', '10/16/2022', 20);
insert into task (id, name, description, creation_date, due_date, id_column) values (58, 'Cook the beans', 'eu massa donec dapibus duis at velit eu est congue elementum in hac habitasse platea dictumst', '9/2/2021', '6/11/2022', 51);
insert into task (id, name, description, creation_date, due_date, id_column) values (59, 'Water the plants', 'cum sociis natoque penatibus et magnis dis parturient montes nascetur ridiculus mus etiam vel augue vestibulum rutrum rutrum neque aenean', '8/13/2021', '4/3/2022', 39);
insert into task (id, name, description, creation_date, due_date, id_column) values (60, 'Call mom', 'aliquam convallis nunc proin at turpis a pede posuere nonummy integer', '8/21/2021', '8/8/2022', 18);

insert into chat (id, name, id_forum) values (1, 'Off-Topic', 10);
insert into chat (id, name, id_forum) values (2, 'Politics', 3);
insert into chat (id, name, id_forum) values (3, 'Sports', 4);
insert into chat (id, name, id_forum) values (4, 'Help', 9);
insert into chat (id, name, id_forum) values (5, 'Off-Topic', 2);
insert into chat (id, name, id_forum) values (6, 'Off-Topic', 9);
insert into chat (id, name, id_forum) values (7, 'Work Related', 5);
insert into chat (id, name, id_forum) values (8, 'Sports', 9);
insert into chat (id, name, id_forum) values (9, 'Politics', 2);
insert into chat (id, name, id_forum) values (10, 'Politics', 7);
insert into chat (id, name, id_forum) values (11, 'Politics', 3);
insert into chat (id, name, id_forum) values (12, 'Help', 6);
insert into chat (id, name, id_forum) values (13, 'Work Related', 8);
insert into chat (id, name, id_forum) values (14, 'Help', 1);
insert into chat (id, name, id_forum) values (15, 'Work Related', 1);
insert into chat (id, name, id_forum) values (16, 'Off-Topic', 6);
insert into chat (id, name, id_forum) values (17, 'Help', 2);
insert into chat (id, name, id_forum) values (18, 'Help', 3);
insert into chat (id, name, id_forum) values (19, 'Help', 6);
insert into chat (id, name, id_forum) values (20, 'Help', 3);
insert into chat (id, name, id_forum) values (21, 'Off-Topic', 5);
insert into chat (id, name, id_forum) values (22, 'Help', 4);
insert into chat (id, name, id_forum) values (23, 'Politics', 10);
insert into chat (id, name, id_forum) values (24, 'Sports', 9);
insert into chat (id, name, id_forum) values (25, 'Politics', 10);


insert into msg (id, msg, sent_date, id_users, id_chat) values (1, 'hoje foi um dia feliz', '5/17/2022', 12, 7);
insert into msg (id, msg, sent_date, id_users, id_chat) values (2, 'qual é o erro?', '11/21/2021', 12, 1);
insert into msg (id, msg, sent_date, id_users, id_chat) values (3, 'gosto imenso do cheiro das castanhas', '12/13/2021', 9, 21);
insert into msg (id, msg, sent_date, id_users, id_chat) values (4, 'qual é o erro?', '9/28/2022', 7, 7);
insert into msg (id, msg, sent_date, id_users, id_chat) values (5, 'bom dia estou a ter um problema com o meu sql', '1/15/2022', 4, 25);
insert into msg (id, msg, sent_date, id_users, id_chat) values (6, 'gosto imenso do cheiro das castanhas', '3/13/2022', 7, 1);
insert into msg (id, msg, sent_date, id_users, id_chat) values (7, 'hoje comi bolo de amendoa', '5/23/2022', 13, 5);
insert into msg (id, msg, sent_date, id_users, id_chat) values (8, 'qual é o erro?', '7/5/2022', 14, 19);
insert into msg (id, msg, sent_date, id_users, id_chat) values (9, 'bom dia estou a ter um problema com o meu sql', '3/27/2022', 1, 9);
insert into msg (id, msg, sent_date, id_users, id_chat) values (10, 'gosto imenso do cheiro das castanhas', '1/11/2022', 7, 12);
insert into msg (id, msg, sent_date, id_users, id_chat) values (11, 'hoje foi um dia feliz', '11/17/2021', 11, 3);
insert into msg (id, msg, sent_date, id_users, id_chat) values (12, 'hoje comi bolo de amendoa', '5/26/2022', 9, 9);
insert into msg (id, msg, sent_date, id_users, id_chat) values (13, 'qual é o erro?', '3/6/2022', 14, 20);
insert into msg (id, msg, sent_date, id_users, id_chat) values (14, 'estou contente porque o Porto ganhou', '10/16/2022', 7, 11);
insert into msg (id, msg, sent_date, id_users, id_chat) values (15, 'bom dia estou a ter um problema com o meu sql', '3/5/2022', 7, 21);
insert into msg (id, msg, sent_date, id_users, id_chat) values (16, 'qual é o erro?', '9/5/2022', 11, 23);
insert into msg (id, msg, sent_date, id_users, id_chat) values (17, 'o meu cão comeu o meu computador :(', '4/14/2022', 13, 9);
insert into msg (id, msg, sent_date, id_users, id_chat) values (18, 'gosto imenso do cheiro das castanhas', '1/1/2022', 15, 21);
insert into msg (id, msg, sent_date, id_users, id_chat) values (19, 'hoje foi um dia feliz', '7/26/2022', 15, 2);
insert into msg (id, msg, sent_date, id_users, id_chat) values (20, 'qual é o erro?', '12/23/2021', 3, 2);
insert into msg (id, msg, sent_date, id_users, id_chat) values (21, 'bom dia estou a ter um problema com o meu sql', '3/30/2022', 8, 14);
insert into msg (id, msg, sent_date, id_users, id_chat) values (22, 'hoje foi um dia feliz', '6/13/2022', 1, 8);
insert into msg (id, msg, sent_date, id_users, id_chat) values (23, 'o meu cão comeu o meu computador :(', '4/12/2022', 12, 14);
insert into msg (id, msg, sent_date, id_users, id_chat) values (24, 'estou contente porque o Porto ganhou', '2/24/2022', 14, 14);
insert into msg (id, msg, sent_date, id_users, id_chat) values (25, 'já ouviram a nova musica da Shakira?', '7/12/2022', 4, 9);
insert into msg (id, msg, sent_date, id_users, id_chat) values (26, 'hoje comi bolo de amendoa', '11/17/2021', 7, 7);
insert into msg (id, msg, sent_date, id_users, id_chat) values (27, 'bom dia estou a ter um problema com o meu sql', '12/22/2021', 5, 1);
insert into msg (id, msg, sent_date, id_users, id_chat) values (28, 'estou feliz porque entreguei o meu código sql', '5/4/2022', 13, 15);
insert into msg (id, msg, sent_date, id_users, id_chat) values (29, 'o meu cão comeu o meu computador :(', '10/21/2022', 1, 11);
insert into msg (id, msg, sent_date, id_users, id_chat) values (30, 'gosto imenso do cheiro das castanhas', '3/2/2022', 11, 12);
insert into msg (id, msg, sent_date, id_users, id_chat) values (31, 'o meu cão comeu o meu computador :(', '1/20/2022', 4, 6);
insert into msg (id, msg, sent_date, id_users, id_chat) values (32, 'hoje comi bolo de amendoa', '2/20/2022', 9, 10);
insert into msg (id, msg, sent_date, id_users, id_chat) values (33, 'já ouviram a nova musica da Shakira?', '1/2/2022', 6, 20);
insert into msg (id, msg, sent_date, id_users, id_chat) values (34, 'hoje foi um dia feliz', '10/27/2021', 15, 20);
insert into msg (id, msg, sent_date, id_users, id_chat) values (35, 'bom dia estou a ter um problema com o meu sql', '6/25/2022', 13, 23);
insert into msg (id, msg, sent_date, id_users, id_chat) values (36, 'o meu cão comeu o meu computador :(', '6/19/2022', 15, 8);
insert into msg (id, msg, sent_date, id_users, id_chat) values (37, 'já ouviram a nova musica da Shakira?', '2/8/2022', 9, 8);
insert into msg (id, msg, sent_date, id_users, id_chat) values (38, 'qual é o erro?', '3/12/2022', 12, 7);
insert into msg (id, msg, sent_date, id_users, id_chat) values (39, 'bom dia estou a ter um problema com o meu sql', '6/7/2022', 15, 20);
insert into msg (id, msg, sent_date, id_users, id_chat) values (40, 'hoje comi bolo de amendoa', '4/14/2022', 13, 13);
insert into msg (id, msg, sent_date, id_users, id_chat) values (41, 'estou contente porque o Porto ganhou', '10/19/2022', 6, 22);
insert into msg (id, msg, sent_date, id_users, id_chat) values (42, 'o meu cão comeu o meu computador :(', '7/12/2022', 4, 8);
insert into msg (id, msg, sent_date, id_users, id_chat) values (43, 'bom dia estou a ter um problema com o meu sql', '8/31/2022', 5, 20);
insert into msg (id, msg, sent_date, id_users, id_chat) values (44, 'estou contente porque o Porto ganhou', '6/24/2022', 7, 15);
insert into msg (id, msg, sent_date, id_users, id_chat) values (45, 'bom dia estou a ter um problema com o meu sql', '9/12/2022', 15, 4);
insert into msg (id, msg, sent_date, id_users, id_chat) values (46, 'bom dia estou a ter um problema com o meu sql', '6/26/2022', 4, 12);
insert into msg (id, msg, sent_date, id_users, id_chat) values (47, 'gosto imenso do cheiro das castanhas', '8/17/2022', 10, 11);
insert into msg (id, msg, sent_date, id_users, id_chat) values (48, 'gosto imenso do cheiro das castanhas', '2/22/2022', 1, 7);
insert into msg (id, msg, sent_date, id_users, id_chat) values (49, 'qual é o erro?', '12/27/2021', 6, 6);
insert into msg (id, msg, sent_date, id_users, id_chat) values (50, 'qual é o erro?', '6/29/2022', 2, 25);
insert into msg (id, msg, sent_date, id_users, id_chat) values (51, 'hoje comi bolo de amendoa', '11/20/2021', 8, 4);
insert into msg (id, msg, sent_date, id_users, id_chat) values (52, 'estou contente porque o Porto ganhou', '1/28/2022', 14, 6);
insert into msg (id, msg, sent_date, id_users, id_chat) values (53, 'gosto imenso do cheiro das castanhas', '7/17/2022', 13, 19);
insert into msg (id, msg, sent_date, id_users, id_chat) values (54, 'o meu cão comeu o meu computador :(', '11/4/2021', 5, 19);
insert into msg (id, msg, sent_date, id_users, id_chat) values (55, 'gosto imenso do cheiro das castanhas', '12/4/2021', 1, 15);
insert into msg (id, msg, sent_date, id_users, id_chat) values (56, 'hoje comi bolo de amendoa', '3/2/2022', 4, 15);
insert into msg (id, msg, sent_date, id_users, id_chat) values (57, 'bom dia estou a ter um problema com o meu sql', '11/19/2021', 11, 12);
insert into msg (id, msg, sent_date, id_users, id_chat) values (58, 'estou contente porque o Porto ganhou', '10/7/2022', 15, 21);
insert into msg (id, msg, sent_date, id_users, id_chat) values (59, 'qual é o erro?', '8/19/2022', 3, 17);
insert into msg (id, msg, sent_date, id_users, id_chat) values (60, 'o meu cão comeu o meu computador :(', '2/9/2022', 4, 18);

insert into ROLE (id, name, id_project) values (1, 'Manager', 8);
insert into ROLE (id, name, id_project) values (2, 'Admninistrator', 8);
insert into ROLE (id, name, id_project) values (3, 'Developer', 3);
insert into ROLE (id, name, id_project) values (4, 'Admninistrator', 1);
insert into ROLE (id, name, id_project) values (5, 'Admninistrator', 5);
insert into ROLE (id, name, id_project) values (6, 'Developer', 9);
insert into ROLE (id, name, id_project) values (7, 'Inviter', 10);
insert into ROLE (id, name, id_project) values (8, 'Assigner', 5);
insert into ROLE (id, name, id_project) values (9, 'Inviter', 2);
insert into ROLE (id, name, id_project) values (10, 'Admninistrator', 4);
insert into ROLE (id, name, id_project) values (11, 'Inviter', 9);
insert into ROLE (id, name, id_project) values (12, 'Scrum Master', 3);
insert into ROLE (id, name, id_project) values (13, 'Assigner', 10);
insert into ROLE (id, name, id_project) values (14, 'Manager', 4);
insert into ROLE (id, name, id_project) values (15, 'Inviter', 4);
insert into ROLE (id, name, id_project) values (16, 'Admninistrator', 3);
insert into ROLE (id, name, id_project) values (17, 'Developer', 6);
insert into ROLE (id, name, id_project) values (18, 'Assigner', 9);
insert into ROLE (id, name, id_project) values (19, 'Manager', 6);
insert into ROLE (id, name, id_project) values (20, 'Scrum Master', 7);
insert into ROLE (id, name, id_project) values (21, 'Developer', 10);
insert into ROLE (id, name, id_project) values (22, 'Scrum Master', 7);
insert into ROLE (id, name, id_project) values (23, 'Admninistrator', 1);
insert into ROLE (id, name, id_project) values (24, 'Assigner', 9);
insert into ROLE (id, name, id_project) values (25, 'Manager', 3);

insert into permission (id, name) values (1, 'Invite collaborator');
insert into permission (id, name) values (2, 'Remove collaborator');
insert into permission (id, name) values (3, 'Assign to task');
insert into permission (id, name) values (4, 'Create task');
insert into permission (id, name) values (5, 'Delete task');
insert into permission (id, name) values (6, 'Edit task');
insert into permission (id, name) values (7, 'Create board');
insert into permission (id, name) values (8, 'Delete board');
insert into permission (id, name) values (9, 'Create column');
insert into permission (id, name) values (10, 'Delete Column');

insert into administrator (id, id_users) values (1, 9);
insert into administrator (id, id_users) values (2, 3);
insert into administrator (id, id_users) values (3, 1);
insert into administrator (id, id_users) values (4, 12);
insert into administrator (id, id_users) values (5, 7);

insert into ban (id, start_date, end_date, reason, id_administrator, id_users) values (1, '3/27/2022', '7/23/2024', 'não gostei', 5, 12);
insert into ban (id, start_date, end_date, reason, id_administrator, id_users) values (2, '12/9/2021', '12/21/2023', 'infringiu a regra 70', 2, 6);
insert into ban (id, start_date, end_date, reason, id_administrator, id_users) values (3, '2/27/2022', '11/4/2023', 'bad vibes', 4, 4);
insert into ban (id, start_date, end_date, reason, id_administrator, id_users) values (4, '3/17/2022', '11/29/2023', 'bad vibes', 1, 15);
insert into ban (id, start_date, end_date, reason, id_administrator, id_users) values (5, '10/25/2021', '8/27/2023', 'infringiu a regra 70', 4, 15);
insert into ban (id, start_date, end_date, reason, id_administrator, id_users) values (6, '2/18/2022', '4/12/2022', 'não gostei', 2, 6);
insert into ban (id, start_date, end_date, reason, id_administrator, id_users) values (7, '2/16/2022', '2/11/2024', null, 1, 3);
insert into ban (id, start_date, end_date, reason, id_administrator, id_users) values (8, '11/6/2021', '6/14/2023', 'bad vibes', 2, 12);
insert into ban (id, start_date, end_date, reason, id_administrator, id_users) values (9, '11/15/2021', '10/3/2022', 'bad vibes', 2, 14);
insert into ban (id, start_date, end_date, reason, id_administrator, id_users) values (10, '2/25/2022', '10/15/2022', null, 2, 10);

insert into faq (id, question, answer) values (1, 'What is Tu-Do?', 'Tu-Do is is a tool designed to  be an interactive and easy way of managing projects.');
insert into faq (id, question, answer) values (2, 'Who can use Tu-Do?', 'Tu-Do can be used to manage any kind of project no matter the size.');
insert into faq (id, question, answer) values (3, 'Why should I user Tu-Do?', 'so it can be used by everyone from individuals making their grocery list to huge companies managing dozens of projects.');

insert into notification (id, start_date, reason) values (1, '2/8/2022', 'Today is a great day to deliver your assignment :)');
insert into notification (id, start_date, reason) values (2, '2/1/2022', 'you received a message from your team mate! Check it now!');
insert into notification (id, start_date, reason) values (3, '12/28/2021', 'Uh-oh looks like you are running out of time for task: Entregar o sql!');
insert into notification (id, start_date, reason) values (4, '2/20/2022', 'you received a message from your team mate! Check it now!');
insert into notification (id, start_date, reason) values (5, '2/28/2022', 'Uh-oh looks like you are running out of time for task: Entregar o sql!');
insert into notification (id, start_date, reason) values (6, '11/26/2021', 'you received a message from your team mate! Check it now!');
insert into notification (id, start_date, reason) values (7, '11/23/2021', 'Today is a great day to deliver your assignment :)');
insert into notification (id, start_date, reason) values (8, '12/9/2021', 'you received a message from your team mate! Check it now!');
insert into notification (id, start_date, reason) values (9, '11/7/2021', 'you received a message from your team mate! Check it now!');
insert into notification (id, start_date, reason) values (10, '4/3/2022', 'you received a message from your team mate! Check it now!');

insert into new_message (id_notification, id_message) values (1, 2);
insert into new_message (id_notification, id_message) values (2, 3);
insert into new_message (id_notification, id_message) values (2, 6);

insert into new_coordinator (id_notification, id_project) values (1, 1);
insert into new_coordinator (id_notification, id_project) values (1, 1);
insert into new_coordinator (id_notification, id_project) values (2, 7);

insert into new_assign (id_notification, id_assignment) values (1, 8);
insert into new_assign (id_notification, id_assignment) values (2, 4);

insert into task_moved (id_notification, id_task) values (1, 9);
insert into task_moved (id_notification, id_task) values (2, 5);


insert into comment (id, message, sent_date, id_task, id_users) values (1, 'os projetos estão todos a arder', '5/14/2022', 5, 7);
insert into comment (id, message, sent_date, id_task, id_users) values (2, 'os projetos estão todos a arder', '7/13/2022', 36, 4);
insert into comment (id, message, sent_date, id_task, id_users) values (3, 'os projetos estão todos a arder', '12/1/2021', 37, 9);
insert into comment (id, message, sent_date, id_task, id_users) values (4, 'os projetos estão todos a arder', '6/22/2022', 58, 13);
insert into comment (id, message, sent_date, id_task, id_users) values (5, 'que medo de apagar tudo', '7/10/2022', 32, 6);
insert into comment (id, message, sent_date, id_task, id_users) values (6, 'calma malta nós conseguimos', '5/2/2022', 51, 5);
insert into comment (id, message, sent_date, id_task, id_users) values (7, 'os projetos estão todos a arder', '2/26/2022', 45, 9);
insert into comment (id, message, sent_date, id_task, id_users) values (8, 'os projetos estão todos a arder', '11/15/2021', 18, 3);
insert into comment (id, message, sent_date, id_task, id_users) values (9, 'os projetos estão todos a arder', '5/7/2022', 6, 5);
insert into comment (id, message, sent_date, id_task, id_users) values (10, 'os projetos estão todos a arder', '6/20/2022', 33, 13);

insert into notified (id_users, id_notification, is_read) values (7, 1, true);
insert into notified (id_users, id_notification, is_read) values (11, 2, true);
insert into notified (id_users, id_notification, is_read) values (11, 3, false);
insert into notified (id_users, id_notification, is_read) values (12, 4, false);
insert into notified (id_users, id_notification, is_read) values (15, 5, false);
insert into notified (id_users, id_notification, is_read) values (5, 6, true);
insert into notified (id_users, id_notification, is_read) values (3, 7, false);
insert into notified (id_users, id_notification, is_read) values (11, 8, true);
insert into notified (id_users, id_notification, is_read) values (2, 9, true);
insert into notified (id_users, id_notification, is_read) values (15, 10, true);

insert into users_role (id_users, id_role) values (15, 6);
insert into users_role (id_users, id_role) values (5, 21);
insert into users_role (id_users, id_role) values (10, 1);
insert into users_role (id_users, id_role) values (8, 25);
insert into users_role (id_users, id_role) values (13, 15);
insert into users_role (id_users, id_role) values (2, 4);
insert into users_role (id_users, id_role) values (7, 12);
insert into users_role (id_users, id_role) values (14, 17);
insert into users_role (id_users, id_role) values (3, 18);
insert into users_role (id_users, id_role) values (3, 8);

insert into assignmnt (id_users, id_notification, is_read) values (11, 2, true);
insert into assignmnt (id_users, id_notification, is_read) values (8, 7, false);
insert into assignmnt (id_users, id_notification, is_read) values (6, 8, true);
insert into assignmnt (id_users, id_notification, is_read) values (12, 1, false);
insert into assignmnt (id_users, id_notification, is_read) values (1, 10, false);
insert into assignmnt (id_users, id_notification, is_read) values (10, 3, false);
insert into assignmnt (id_users, id_notification, is_read) values (1, 5, false);
insert into assignmnt (id_users, id_notification, is_read) values (1, 2, true);
insert into assignmnt (id_users, id_notification, is_read) values (2, 8, false);
insert into assignmnt (id_users, id_notification, is_read) values (13, 7, true);

insert into collaborator (id_users, id_project) values (11, 2);
insert into collaborator (id_users, id_project) values (15, 7);
insert into collaborator (id_users, id_project) values (2, 4);
insert into collaborator (id_users, id_project) values (10, 4);
insert into collaborator (id_users, id_project) values (14, 4);
insert into collaborator (id_users, id_project) values (7, 6);
insert into collaborator (id_users, id_project) values (13, 5);
insert into collaborator (id_users, id_project) values (12, 8);
insert into collaborator (id_users, id_project) values (3, 2);
insert into collaborator (id_users, id_project) values (13, 6);

insert into label_label_class (id_label, id_label_class) values (7, 1);
insert into label_label_class (id_label, id_label_class) values (9, 1);
insert into label_label_class (id_label, id_label_class) values (9, 1);
insert into label_label_class (id_label, id_label_class) values (2, 1);
insert into label_label_class (id_label, id_label_class) values (5, 1);
insert into label_label_class (id_label, id_label_class) values (3, 3);
insert into label_label_class (id_label, id_label_class) values (7, 3);
insert into label_label_class (id_label, id_label_class) values (2, 2);
insert into label_label_class (id_label, id_label_class) values (4, 1);
insert into label_label_class (id_label, id_label_class) values (10, 3);

insert into role_permission (id_role, id_permission) values (20, 9);
insert into role_permission (id_role, id_permission) values (4, 5);
insert into role_permission (id_role, id_permission) values (8, 2);
insert into role_permission (id_role, id_permission) values (21, 10);
insert into role_permission (id_role, id_permission) values (16, 9);
insert into role_permission (id_role, id_permission) values (22, 8);
insert into role_permission (id_role, id_permission) values (1, 2);
insert into role_permission (id_role, id_permission) values (15, 1);
insert into role_permission (id_role, id_permission) values (12, 5);
insert into role_permission (id_role, id_permission) values (15, 3);

insert into label_task (id_label, id_task) values (19, 2);
insert into label_task (id_label, id_task) values (46, 1);
insert into label_task (id_label, id_task) values (31, 2);
insert into label_task (id_label, id_task) values (30, 1);
insert into label_task (id_label, id_task) values (57, 2);
insert into label_task (id_label, id_task) values (12, 2);
insert into label_task (id_label, id_task) values (39, 3);
insert into label_task (id_label, id_task) values (54, 2);
insert into label_task (id_label, id_task) values (8, 2);
insert into label_task (id_label, id_task) values (52, 1);
